nombre;escuderia;fecha_carrera;temperatura_min;vel_max;duracion;posicion_final;ciudad;top_6_vueltas;tiempo_boxes;nivel_liquido
Fernando Alonso;Aston Martin;21-11-22;25;330.1;30.5;-1;Abu Dhabi;[31.254/ 31.567/ 31.789/ 32.045/ -/ -];15.23;no
Fernando Alonso;Aston Martin;5-12-22;28;328.5;123.86;2;Sao Paulo;[30.976/ 31.189/ 31.435/ 31.679/ 31.827/ 32.015];12.87;no
Fernando Alonso;Aston Martin;19-12-22;27;326.7;129.22;4;Jeddah;[32.158/ 32.378/ 32.591/ 32.785/ 32.977/ 33.156];18.41;no
Fernando Alonso;Aston Martin;26-3-23;22;327.5;124.45;4;Melbourne;[28.932/ 29.147/ 29.393/ 29.631/ 29.875/ 30.115];10.92;no
Fernando Alonso;Aston Martin;9-4-23;20;326.2;112.75;6;Imola;[30.458/ 30.649/ 30.811/ 30.988/ 31.197/ 31.392];14.53;no
Fernando Alonso;Aston Martin;23-4-23;23;332.4;30.4;-1;Portimao;[29.793/ 30.025/ 30.239/ -/ -/ -];12.76;1
Fernando Alonso;Aston Martin;7-5-23;19;325.9;112.24;2;Barcelona;[18.876/ 19.095/ 19.303/ 19.510/ 19.725/ 19.933];7.34;no
Fernando Alonso;Aston Martin;21-5-23;21;324.1;125.42;3;Monaco;[10.523/ 10.729/ 10.923/ 11.122/ 11.315/ 11.515];4.67;no
Fernando Alonso;Aston Martin;4-6-23;18;326.5;104.72;1;Baku;[39.751/ 39.932/ 40.111/ 40.287/ 40.462/ 40.636];22.19;1
Lewis Hamilton;Mercedes;21-11-22;24;329.5;112.66;1;Abu Dhabi;[30.982/ 31.209/ 31.451/ 31.696/ 31.950/ 32.212];11.55;no
Lewis Hamilton;Mercedes;5-12-22;27;328.7;111.71;2;Sao Paulo;[31.098/ 31.327/ 31.571/ 31.827/ 32.094/ 32.365];12.13;1
Lewis Hamilton;Mercedes;19-12-22;26;327.1;117.04;1;Jeddah;[32.512/ 32.755/ 32.991/ 33.218/ 33.443/ 33.678];16.88;no
Lewis Hamilton;Mercedes;26-3-23;22;327.8;20.4;-1;Melbourne;[28.745/ 28.963/ 29.179/ 29.396/ 29.613/ -];9.67;1
Lewis Hamilton;Mercedes;9-4-23;21;325.6;35.6;-1;Imola;[30.680/ 30.845/ 31.013/ -/ -/ -];13.41;no
Lewis Hamilton;Mercedes;23-4-23;24;328.4;121.58;1;Portimao;[29.311/ 29.534/ 29.757/ 29.981/ 30.206/ 30.432];11.82;no
Lewis Hamilton;Mercedes;7-5-23;18;326.9;125.98;1;Barcelona;[18.341/ 18.556/ 18.772/ 18.989/ 19.207/ 19.425];6.24;1
Lewis Hamilton;Mercedes;21-5-23;20;324.5;111.63;1;Monaco;[10.125/ 10.325/ 10.527/ 10.732/ 10.938/ 11.146];3.98;no
Lewis Hamilton;Mercedes;4-6-23;19;326;117.79;2;Baku;[39.998/ 40.190/ 40.384/ 40.577/ 40.772/ 40.967];19.45;no
Max Verstappen;Red Bull Racing;21-11-22;26;330.3;111.95;2;Abu Dhabi;[31.051/ 31.298/ 31.549/ 31.804/ 32.066/ 32.332];13.87;no
Max Verstappen;Red Bull Racing;5-12-22;28;328.9;114.57;1;Sao Paulo;[31.215/ 31.444/ 31.688/ 31.943/ 32.204/ 32.471];12.54;no
Max Verstappen;Red Bull Racing;19-12-22;27;327.8;121.12;3;Jeddah;[32.031/ 32.258/ 32.491/ 32.727/ 32.968/ 33.214];17.23;no
Max Verstappen;Red Bull Racing;26-3-23;22;327.1;121.64;2;Melbourne;[29.042/ 29.258/ 29.475/ 29.691/ 29.908/ 30.125];10.34;1
Max Verstappen;Red Bull Racing;9-4-23;20;326;107.5;1;Imola;[30.238/ 30.398/ 30.560/ 30.725/ 30.892/ 31.062];14.89;1
Max Verstappen;Red Bull Racing;23-4-23;24;328.2;104.74;2;Portimao;[29.756/ 29.990/ 30.224/ 30.458/ 30.694/ 30.931];12.76;no
Max Verstappen;Red Bull Racing;7-5-23;19;325.7;102.23;3;Barcelona;[19.052/ 19.268/ 19.485/ 19.703/ 19.921/ 20.140];6.78;1
Max Verstappen;Red Bull Racing;21-5-23;21;324.2;111.04;2;Monaco;[10.317/ 10.519/ 10.724/ 10.930/ 11.139/ 11.349];3.45;no
Max Verstappen;Red Bull Racing;4-6-23;18;326.7;128.07;3;Baku;[40.175/ 40.366/ 40.558/ 40.752/ 40.947/ 41.144];18.02;no
Charles Leclerc;Ferrari;21-11-22;25;329.7;124.08;4;Abu Dhabi;[31.124/ 31.368/ 31.618/ 31.873/ 32.134/ 32.401];14.12;1
Charles Leclerc;Ferrari;5-12-22;28;328.1;103.82;3;Sao Paulo;[31.067/ 31.297/ 31.541/ 31.796/ 32.057/ 32.324];12.98;1
Charles Leclerc;Ferrari;19-12-22;27;326.9;37.7;-1;Jeddah;[31.983/ 32.210/ 32.443/ 32.679/ 32.920/ -];17.56;1
Charles Leclerc;Ferrari;26-3-23;22;327.3;128.52;3;Melbourne;[29.423/ 29.639/ 29.855/ 30.072/ 30.289/ 30.506];10.54;1
Charles Leclerc;Ferrari;9-4-23;20;326.1;106.8;3;Imola;[30.881/ 31.047/ 31.215/ 31.386/ 31.559/ 31.735];14.14;1
Charles Leclerc;Ferrari;23-4-23;23;328.5;112.96;1;Portimao;[29.681/ 29.912/ 30.144/ 30.376/ 30.610/ 30.845];12.87;1
Charles Leclerc;Ferrari;7-5-23;19;325.8;121.89;4;Barcelona;[19.238/ 19.456/ 19.674/ 19.893/ 20.113/ 20.333];6.31;1
Charles Leclerc;Ferrari;21-5-23;21;324.3;121.5;4;Monaco;[10.739/ 10.946/ 11.154/ 11.364/ 11.577/ 11.791];3.99;1
Charles Leclerc;Ferrari;4-6-23;18;326.4;116.23;4;Baku;[41.013/ 41.210/ 41.408/ 41.606/ 41.806/ 42.007];20.14;1
Carlos Sainz;Ferrari;21-11-22;24;329.2;20.3;-1;Abu Dhabi;[31.456/ 31.715/ 31.981/ -/ -/ -];16.32;1
Carlos Sainz;Ferrari;5-12-22;27;327.9;106.43;4;Sao Paulo;[31.136/ 31.367/ 31.611/ 31.868/ 32.132/ 32.403];13.45;no
Carlos Sainz;Ferrari;19-12-22;26;326.6;122.38;5;Jeddah;[32.361/ 32.605/ 32.852/ 33.099/ 33.349/ 33.602];18.19;1
Carlos Sainz;Ferrari;26-3-23;22;327.4;20.2;-1;Melbourne;[29.103/ 29.320/ -/ -/ -/ -];10.78;no
Carlos Sainz;Ferrari;9-4-23;21;325.5;34.8;-1;Imola;[30.964/ 31.132/ 31.302/ -/ -/ -];14.23;1
Carlos Sainz;Ferrari;23-4-23;23;328;100.42;2;Portimao;[29.582/ 29.813/ 30.046/ 30.280/ 30.516/ 30.754];11.56;1
Carlos Sainz;Ferrari;7-5-23;19;325.1;10.4;-1;Barcelona;[18.975/ 19.194/ 19.413/ -/ -/ -];6.01;1
Carlos Sainz;Ferrari;21-5-23;21;324.7;105.38;5;Monaco;[10.643/ 10.841/ 11.042/ 11.247/ 11.456/ 11.668];3.72;no
Carlos Sainz;Ferrari;4-6-23;19;325.9;123.83;5;Baku;[40.612/ 40.809/ 41.005/ 41.203/ 41.403/ 41.604];19.89;1